qooq, true
vqqv, true
raem, false
xilj, false
byyb, true
nyyn, true
fpfc, false
vwwv, true
zuuz, true
eoro, false
sccs, true
fqqf, true
itid, false
veev, true
wuuw, true
gxsb, false
cgki, false
jthz, false
ynse, false
faaf, true
ezze, true
cpka, false
xqiw, false
tsyo, false
tuvr, false
abba, true
lpfn, false
ollo, true
xyjx, false
ozie, false
cvjl, false
fyyf, true
nxeu, false
kcck, true
fdsj, false
qmnc, false
tttt, true
vmmv, true
owwo, true
rhas, false
tppt, true
iolz, false
tjjt, true
aewr, false
ikka, false
qooq, true
qvyu, false
onno, true
ninq, false
mccm, true
jkkj, true
yhhy, true
pady, false
wbbw, true
mllm, true
kiik, true
yxws, false
tlzs, false
xbbx, true
uuuu, true
qeeq, true
cirm, false
vfsm, false
wttw, true
cguo, false
fbbf, true
myym, true
dqhs, false
jtsi, false
hqqh, true
wvvw, true
wnvc, false
mffm, true
yrry, true
cfee, false
ojjo, true
agwh, false
oxxo, true
leel, true
lqfg, false
ivvi, true
tttz, false
ayya, true
jzzj, true
qfko, false
dqqd, true
huuh, true
uoou, true
kkkq, false
pqqp, true
unnu, true
tmmt, true
vwwv, true
ffff, true
rcta, false
bebh, false
gukx, false
vccv, true
xrck, false
peep, true
beeb, true
beeb, true
ucmo, false
mmmm, true
mssm, true
opum, false
pqyh, false
xkje, false
oppo, true
xpgj, false
cnyx, false
lmmr, false
nlkz, false
lhhl, true
oyyo, true
onzz, false
jhhj, true
qmgw, false
jxxj, true
gwbm, false
mrrm, true
orro, true
mgam, false
sdds, true
hbzv, false
huyx, false
fttf, true
oami, false
hllh, true
tttt, true
xhhx, true
rrqq, false
uoxm, false
lggl, true
zfnb, false
yctk, false
jotu, false
dymn, false
heeh, true
hopm, false
oddo, true
uuxb, false
zbsk, false
hyyh, true
jrqw, false
lqql, true
euqo, false
rllr, true
gtgw, false
ssky, false
ciic, true
tpwf, false
weew, true
qzui, false
wuuw, true
axxd, false
fkkf, true
nxvf, false
elvd, false
ceec, true
oooo, true
zirh, false
kaak, true
ette, true
chun, false
uffu, true
ommo, true
jcyp, false
rbbr, true
vpii, false
mjjm, true
cqxw, false
ruqj, false
ixdj, false
muoc, false
rnvq, false
oxxg, false
lkkl, true
szzs, true
dfpj, false
jaaj, true
xmmx, true
tjwv, false
nlaz, false
dmrr, false
wokr, false
zvvz, true
ayma, false
pttp, true
guug, true
axkz, false
ssss, true
diid, true
ejje, true
mbpg, false
evve, true
mggm, true
otto, true
isrh, false
wbjy, false
xnnx, true
qyyq, true
nxup, false
gccg, true
giey, false
swun, false
qjjq, true
zttz, true
jity, false
jxxj, true
icsv, false
syys, true
keek, true
lkli, false
shrs, false
jbbj, true
paap, true
qttq, true
ucwx, false
iwht, false
wqti, false
bafj, false
yppy, true
covm, false
yhue, false
fynu, false
yegf, false
luul, true
aiia, true
zmkt, false
tqdi, false
zllz, true
wsrh, false
ullu, true
ozzo, true
obbo, true
ruhr, false
rqzk, false
tahp, false
lpkw, false
alla, true
ueqf, false
wccs, false
iebp, false
tnzv, false
cdlg, false
yjxk, false
wiiw, true
zyyz, true
sxjf, false
xllx, true
yjug, false
wyyw, true
dyyd, true
gjjg, true
lssl, true
dccd, true
fkfd, false
zllz, true
agiu, false
ffxf, false
ojbz, false
irut, false
ygtk, false
lppl, true
hzkb, false
ynny, true
fbbf, true
rxxr, true
jjiv, false
vhhv, true
osso, true
dbco, false
npex, false
clog, false
vkkv, true
ullu, true
hjjh, true
bwuo, false
yzzy, true
cttc, true
vffv, true
ylbq, false
heee, false
nlms, false
xrrx, true
yvvy, true
avgc, false
iuui, true
ofzj, false
wpxc, false
mlpf, false
kpqy, false
zxgt, false
ldze, false
akka, true
ttok, false
nqqn, true
nqqn, true
pcnt, false
hlby, false
nuxm, false
hrly, false
uiiu, true
clme, false
nxxn, true
nffn, true
euue, true
ijup, false
wate, false
qmmq, true
dbdy, false
acki, false
zbbz, true
fwzb, false
fqwv, false
wuuw, true
jgdo, false
bdog, false
rcgb, false
fpjt, false
fbml, false
unth, false
rccr, true
tcuc, false
zidp, false
rxiq, false
yggy, true
anna, true
iffi, true
shvd, false
wssw, true
lpsc, false
ujws, false
ffff, true
uqqu, true
ndwa, false
xder, false
hpph, true
zxes, false
dyoy, false
uglk, false
snns, true
epfy, false
dmmd, true
sccf, false
xkgf, false
shhs, true
evve, true
tsrg, false
wytp, false
ahgq, false
xeex, true
robx, false
kjjk, true
fbhp, false
qbbq, true
sfvz, false
pvvp, true
mgso, false
scph, false
gqqg, true
atar, false
gllg, true
uesk, false
bceg, false
bgha, false
nxtf, false
xnnx, true
ytrp, false
ymra, false
uttu, true
rrrr, true
kaak, true
rccc, false
kbbk, true
uxxu, true
kaxb, false
pwwp, true
gjrp, false
gnng, true
ehmm, false
xeex, true
aqwf, false
qspe, false
wyfl, false
ovvo, true
ojsg, false
xvmy, false
bllb, true
mllm, true
vkkv, true
kbbo, false
yeey, true
mnnm, true
dkkd, true
hwcw, false
nccn, true
kznm, false
khhk, true
iglv, false
cooc, true
tkdg, false
wayr, false
ecce, true
pngw, false
ywjt, false
gcrr, false
mbvr, false
nvpd, false
mwzf, false
sdds, true
pqxy, false
xuek, false
okko, true
nepv, false
ipfl, false
owth, false
xoiy, false
puxt, false
fwdv, false
kaak, true
tjkv, false
nhtd, false
anna, true
ihtf, false
hwwh, true
cimn, false
yccy, true
ugvb, false
gnlt, false
fqwo, false
dzzd, true
yuns, false
lxxl, true
rwwr, true
hxqp, false
ehma, false
evve, true
myhi, false
jesr, false
pnmz, false
xnnx, true
xccx, true
sffs, true
wmmw, true
hyyh, true
ukzr, false
ekvu, false
cwwc, true
grrg, true
cssc, true
bdzh, false
tukr, false
vpld, false
dprv, false
vfep, false
yyqr, false
vxte, false
boob, true
nuun, true
hkkh, true
jyyj, true
thoc, false
jiij, true
zccz, true
xadz, false
oxuo, false
iwcc, false
rrrr, true
ette, true
oqzn, false
vyyv, true
tmvl, false
bwum, false
kxxk, true
zjaj, false
psfy, false
oskx, false
hjvi, false
hooh, true
ovvo, true
hyyh, true
dbgk, false
dvvd, true
ajja, true
xovo, false
tyyt, true
nwzh, false
fzhe, false
cjjc, true
mlrj, false
myym, true
ipfp, false
kttk, true
hvgs, false
qujr, false
zqqz, true
bahn, false
tdpn, false
emme, true
ivpx, false
vqqv, true
agpl, false
ruge, false
yqna, false
lwal, false
piip, true
uvvu, true
rwwr, true
xllx, true
azza, true
idzy, false
mrse, false
dlfj, false
arwg, false
xzzx, true
qclk, false
guug, true
xwfe, false
ytsx, false
uxtg, false
ivch, false
uaqb, false
wnnw, true
hiee, false
fuwj, false
jyyj, true
fwyy, false
uiiu, true
lsdp, false
vhhv, true
yacj, false
qffq, true
jccj, true
mggm, true
aeea, true
gllg, true
gmmg, true
xdig, false
okyi, false
hjtu, false
fppf, true
rytm, false
gdmo, false
clru, false
ixxi, true
fqcc, false
fmya, false
ovzk, false
xwwx, true
ummu, true
kqqp, false
fssf, true
sggs, true
illi, true
zddz, true
zkga, false
wncm, false
ussu, true
kyxc, false
xxpd, false
crrc, true
kppk, true
rssr, true
wzdt, false
tchq, false
cigm, false
tbyu, false
rcta, false
lwwc, false
tnnt, true
nvvn, true
zcmr, false
egge, true
iavg, false
ullu, true
uiri, false
xzzx, true
sllw, false
gjaz, false
qjxw, false
ymrp, false
qffq, true
vusd, false
jgqz, false
kttk, true
sxgo, false
qecm, false
ners, false
jkkj, true
maud, false
yvqk, false
wccw, true
hffh, true
pmay, false
abiv, false
erre, true
jgwz, false
ptqe, false
anna, true
vhqq, false
vzak, false
zddz, true
gaag, true
qyyq, true
riab, false
qafe, false
ulqj, false
feef, true
mxxm, true
hpof, false
appa, true
lcoq, false
btzh, false
lmml, true
hpph, true
irri, true
jggj, true
wiiw, true
poju, false
diid, true
gaag, true
rjjr, true
mgea, false
wkaz, false
nddn, true
vcri, false
enzf, false
ewqy, false
noon, true
gpsn, false
bkkb, true
ivvi, true
jkkj, true
zsmx, false
rqyh, false
kdnt, false
teet, true
illi, true
nddn, true
qzzq, true
awwa, true
ktdc, false
gint, false
illi, true
vsxq, false
bylv, false
ozzo, true
dwwd, true
xttx, true
tmmt, true
ewbd, false
tggt, true
lneh, false
kjxm, false
tvvt, true
gkkg, true
wttw, true
vybg, false
dhhd, true
lnzi, false
aeea, true
xbal, false
trkv, false
wccw, true
fssf, true
lyof, false
hrae, false
iggi, true
yqcf, false
sqgu, false
achn, false
xnnx, true
weew, true
cxjp, false
ovtt, false
bppb, true
spif, false
brjc, false
kuuk, true
mttf, false
voyj, false
wmmw, true
qvmx, false
rqyf, false
ykcm, false
cqqc, true
xiur, false
kqqk, true
uqqu, true
cnfy, false
utcn, false
ulfs, false
mkqk, false
owno, false
kbbk, true
toot, true
vbbv, true
kwvg, false
owsi, false
jxxj, true
nomd, false
fzzf, true
tkkt, true
bcqx, false
aadq, false
hjdm, false
fiaj, false
cppc, true
agbs, false
shrs, false
rviu, false
sfxs, false
qxxq, true
nflz, false
iddi, true
yruu, false
wvvd, false
haab, false
ollo, true
kliu, false
avva, true
xwwx, true
hpfb, false
twzs, false
zlqy, false
gbbg, true
snns, true
umru, false
atta, true
rctx, false
pxxp, true
teim, false
vkkv, true
sqcj, false
egzk, false
gllg, true
chhc, true
kwfb, false
egge, true
nlfd, false
gppg, true
tytl, false
craq, false
xxxx, true
arra, true
edvm, false
amma, true
rnjt, false
zejh, false
bnhb, false
xlgx, false
wmmw, true
svsu, false
tepi, false
fhhf, true
robr, false
zmmz, true
bupr, false
qxhj, false
gcvg, false
niww, false
sxgs, false
osay, false
illi, true
rppr, true
emme, true
lbbl, true
teov, false
bxtl, false
neen, true
emme, true
foof, true
eaae, true
kddk, true
qkub, false
nopz, false
guhc, false
wvvw, true
fsfb, false
gddg, true
onzk, false
mffm, true
zpbe, false
nccn, true
pkxk, false
uuuu, true
biib, true
ovfl, false
jmmj, true
qccq, true
fllf, true
zppz, true
cqqc, true
uatk, false
abba, true
jmmj, true
jhbh, false
aaaa, true
vqkj, false
isan, false
prrp, true
pffp, true
tvor, false
niin, true
raar, true
sgwx, false
jmtw, false
nkkn, true
trrt, true
xffx, true
ifnd, false
peep, true
jnnj, true
tqsi, false
wjjw, true
bpjj, false
bppb, true
zmrr, false
qpje, false
bssb, true
aihq, false
jccj, true
aiia, true
twwt, true
ofpp, false
wpaj, false
qppq, true
wkax, false
lcen, false
gmvj, false
ncwo, false
unnu, true
xzzx, true
pqjq, false
ztcd, false
ybby, true
epvv, false
yuuy, true
sqqs, true
dqin, false
cuvg, false
assa, true
obax, false
ffff, true
cppc, true
oqqo, true
keek, true
qmmq, true
yxbt, false
irri, true
ward, false
xdhz, false
paap, true
ayya, true
vuuv, true
wdez, false
fmng, false
jcqj, false
mrrm, true
zffz, true
pbbp, true
evyb, false
vzrj, false
llgd, false
raar, true
gydv, false
swws, true
vicp, false
uisy, false
bssb, true
pqoy, false
appa, true
owbq, false
osso, true
uqqu, true
nnbq, false
kdqo, false
gvkk, false
phjt, false
hjmx, false
krwh, false
mudh, false
xggx, true
gwwg, true
uhgw, false
uoou, true
bite, false
agxk, false
llll, true
ozzo, true
bccb, true
irri, true
qrxj, false
nbyo, false
xdjg, false
axxa, true
tfft, true
nikn, false
jhhj, true
zsiu, false
ogmw, false
qnnq, true
bssb, true
hjhu, false
hwwh, true
kggk, true
pllp, true
riir, true
qzzq, true
vxxv, true
issi, true
aict, false
ollo, true
zbbz, true
kdst, false
srrs, true
uygq, false
rslw, false
dimg, false
loiq, false
qyae, false
xdik, false
ullu, true
bkni, false
duqu, false
kjjk, true
urru, true
qjct, false
ckkc, true
irgd, false
mqqh, false
qttq, true
bmmb, true
dcbj, false
zesp, false
yffy, true
hiam, false
ruur, true
ptal, false
ollo, true
lbtp, false
rzzr, true
wuuw, true
rppk, false
xzzx, true
fssf, true
ljju, false
qjjq, true
dnnd, true
vwmh, false
qokd, false
jtem, false
reer, true
zllz, true
ajja, true
qttq, true
qvvq, true
juwj, false
duud, true
tqeo, false
zxtw, false
lsoz, false
oppo, true
qmry, false
uwwu, true
fjjf, true
inxr, false
kuuk, true
hmmh, true
raar, true
zkkz, true
jkkj, true
trpv, false
wqqw, true
vyyv, true
woow, true
ehxu, false
mxdo, false
mggm, true
issi, true
clts, false
tjjt, true
rhhr, true
qemz, false
boob, true
semn, false
squu, false
bttb, true
pbsf, false
rcpr, false
olrx, false
clvy, false
pnnp, true
oppo, true
zgyh, false
bpds, false
jggj, true
doiy, false
