dggd, true
vyyv, true
tzzt, true
lbbl, true
inni, true
hmmh, true
onno, true
qeeq, true
wccw, true
xrrx, true
iffi, true
ushx, true
kppk, true
qooq, true
bsdq, true
qixs, true
zaaz, true
ubbu, true
qrrq, true
qaaq, true
rhhr, true
fvvf, true
krrk, true
iqia, true
xzzx, true
zqqz, true
oppo, true
gbbg, true
vaav, true
gllg, true
njjn, true
xjjx, true
weew, true
qqqq, true
soos, true
oggo, true
qvvq, true
rllr, true
zzra, true
kzzk, true
evve, true
tkkt, true
pbbp, true
dbbd, true
dbsk, true
ujju, true
wvvw, true
nddn, true
nvvn, true
svvs, true
vggv, true
nyyn, true
hhhh, true
niin, true
wssw, true
vwwv, true
ogrl, true
peep, true
gvvg, true
ncds, true
ynny, true
tcct, true
whhw, true
dvvd, true
ezze, true
jkkj, true
myym, true
dccd, true
grrg, true
snns, true
cppc, true
jssj, true
gdgz, true
kjjk, true
phga, true
pbbp, true
vjjv, true
osso, true
ohho, true
ecce, true
kjjk, true
hllh, true
auay, true
reer, true
xddx, true
rfqc, true
gzzg, true
suus, true
hpph, true
lool, true
tkkt, true
kddk, true
rllr, true
tsst, true
vcqe, true
roor, true
nkkn, true
eyye, true
gllg, true
mccm, true
vccv, true
oooo, true
lkkl, true
hyyh, true
sfgs, true
jmmj, true
fkkf, true
kppk, true
ihhi, true
yddy, true
knnk, true
nvvn, true
alla, true
xzzx, true
mppm, true
dttd, true
kuuk, true
vtdy, true
yjha, true
oyyo, true
qxxq, true
gttg, true
ullu, true
uxxu, true
yhpc, true
cddc, true
jggj, true
txxt, true
offo, true
oggo, true
hcch, true
uccu, true
xppx, true
yhhy, true
drys, true
dfwm, true
mzzm, true
bttb, true
qrrq, true
xvvx, true
tbbt, true
bttb, true
woow, true
pwwp, true
zqqz, true
xuev, true
krrk, true
uffu, true
wccw, true
syys, true
uvvu, true
pcov, true
mmmm, true
qnnq, true
gllg, true
ryyr, true
egge, true
rvvr, true
azgt, true
qwwq, true
cddc, true
huuh, true
elle, true
wffw, true
zkkz, true
sqqs, true
vxxv, true
uggu, true
woow, true
niin, true
fllf, true
yuuy, true
dppd, true
tujq, true
gmmg, true
zmmz, true
dhhd, true
piip, true
ivvi, true
llll, true
oddo, true
voov, true
zhhz, true
wqqw, true
vxxv, true
gkvx, true
jhhj, true
dssd, true
hhhh, true
issi, true
zssz, true
njjn, true
xddx, true
gqqg, true
aqqa, true
twwt, true
duud, true
szzs, true
ihhi, true
mnnm, true
esse, true
lrrl, true
yddy, true
wiiw, true
aeea, true
lzkf, true
lbbl, true
ebbe, true
pccp, true
aimp, true
wffw, true
chhc, true
xzzx, true
tfft, true
hffh, true
ezze, true
vxxn, true
wggw, true
fppf, true
jllj, true
srrs, true
yffy, true
nbbn, true
rrrr, true
exxe, true
buub, true
xppx, true
baic, true
heeh, true
sggs, true
cuuc, true
giig, true
jyyj, true
rssr, true
rzzr, true
eiie, true
hhhh, true
fttd, true
hiih, true
vaav, true
assa, true
pxxp, true
ciic, true
hddh, true
dccd, true
vffv, true
cqna, true
dppd, true
jffj, true
nvvn, true
uzzu, true
vmmv, true
gssg, true
rhhr, true
toot, true
zcgh, true
wiiw, true
pugy, true
dwwd, true
laal, true
vxxv, true
shhs, true
tppt, true
mffm, true
zbbz, true
njjn, true
effe, true
irhs, true
ahha, true
dbbd, true
fqqf, true
jzzj, true
waaw, true
lzzl, true
kxxk, true
acca, true
slls, true
onno, true
uuuu, true
yuuy, true
ymmy, true
shhs, true
qmmq, true
uyyc, true
alla, true
tsst, true
ynny, true
oqqo, true
suus, true
iqqi, true
auaf, true
wnnw, true
mccm, true
suus, true
itti, true
htth, true
gzzg, true
pccp, true
gxxg, true
fllf, true
vrrv, true
eyye, true
roor, true
jjjj, true
fzuh, true
cttc, true
jooj, true
rzzr, true
rhhr, true
trrt, true
quuq, true
lppl, true
zffz, true
qllq, true
ayya, true
rggr, true
tsst, true
dhhd, true
zbbz, true
yiiy, true
aeea, true
egge, true
ujju, true
vrpv, true
syys, true
hmmh, true
ghhg, true
zffz, true
gkkg, true
jjjj, true
oggo, true
huuh, true
mrea, true
byyb, true
ezze, true
njjn, true
ylly, true
xhrl, true
gkkg, true
rnnr, true
jrrj, true
krrk, true
uuuu, true
hggh, true
crrc, true
dood, true
jiij, true
nnnn, true
qjjq, true
kyyk, true
gbbg, true
hcch, true
mmmm, true
offo, true
lzzl, true
jllj, true
ayya, true
ukku, true
ojlv, true
sggs, true
jvvj, true
taat, true
twre, true
yqqy, true
hkkh, true
dmmd, true
hnnh, true
jccj, true
gvvg, true
ytty, true
hddh, true
wnnw, true
mmmm, true
nppn, true
anna, true
ujju, true
tttt, true
rccr, true
siis, true
jhhj, true
woow, true
kxxk, true
rxxr, true
jddj, true
uqqu, true
jvvj, true
tnss, true
uuuu, true
lhbc, true
sbbs, true
snov, true
uyyu, true
diid, true
zppz, true
bttb, true
siis, true
fggf, true
lwwl, true
bjjb, true
atta, true
kwwk, true
jiij, true
diid, true
lrtp, true
fxxf, true
xhhx, true
oqqo, true
jyyj, true
phhp, true
hhhh, true
anna, true
wllw, true
kllk, true
pmmp, true
tyyt, true
xvuw, true
yhhy, true
yddy, true
aooa, true
kttk, true
dood, true
xttx, true
yuuy, true
aozt, true
uoou, true
vaav, true
vjjv, true
eqqe, true
lrrl, true
zwwz, true
gkkg, true
foof, true
ywwy, true
ovvo, true
jwwj, true
mmmm, true
toot, true
qvvq, true
gvvg, true
ckkc, true
bssb, true
bggb, true
xxxx, true
qrlo, true
oooo, true
lrrl, true
yxxy, true
xpek, true
itti, true
qnnq, true
xhhx, true
jxrn, true
waaw, true
oggo, true
whhw, true
cppc, true
dttd, true
xrrx, true
jaaj, true
dwwd, true
aqqa, true
tkkt, true
mnnm, true
gyyg, true
infv, true
vanl, true
zsip, true
orro, true
ikki, true
alla, true
isfk, true
nkkn, true
issi, true
akka, true
bzzb, true
tsst, true
wttw, true
qssq, true
mttm, true
kkkk, true
ziiz, true
pffp, true
yhzk, true
sqqs, true
qnnq, true
nhhn, true
vffv, true
huuh, true
suus, true
xddx, true
bbbb, true
vqqv, true
pkkp, true
jhhj, true
xqqx, true
fnnf, true
hkkh, true
iaai, true
inni, true
zfdi, true
nqqn, true
abba, true
offo, true
mffm, true
vuuv, true
obbo, true
xppx, true
gbbg, true
jvvj, true
zvvz, true
hmmh, true
xttx, true
bmmb, true
kyyk, true
qkge, true
eeee, true
xaax, true
xeex, true
qiiq, true
ussu, true
fppf, true
ywmq, true
xoox, true
bggb, true
zqqz, true
jkkj, true
vvvv, true
nuun, true
ohzi, true
rwwr, true
owwo, true
naan, true
yuuy, true
assa, true
tbbt, true
spps, true
kkkk, true
wffw, true
nyyn, true
wkbg, true
vppv, true
oaao, true
bjjb, true
sqqs, true
aqqa, true
htth, true
cffc, true
fuuf, true
occo, true
unnu, true
cwwc, true
hrrh, true
pttp, true
lqql, true
rddr, true
svpp, true
dzzd, true
rppr, true
nzzn, true
buub, true
xbbx, true
tppt, true
gjjg, true
nzzn, true
dgbq, true
tjjt, true
rxxr, true
yyyy, true
lqql, true
zxau, true
yggy, true
akka, true
azza, true
kddk, true
gssg, true
sggs, true
tmmt, true
illi, true
wper, true
gllg, true
oeeo, true
grrg, true
miim, true
mbbm, true
cxxc, true
waaw, true
hggh, true
quuq, true
wrrw, true
pgrm, true
duud, true
yaay, true
wssw, true
jjjj, true
iwwi, true
oywo, true
ssss, true
zffz, true
bqqb, true
mbbm, true
xppx, true
rxxr, true
fiif, true
eppe, true
lppl, true
cddc, true
tddt, true
amma, true
ussu, true
ette, true
kaak, true
quuq, true
fuuf, true
tppt, true
lrrl, true
qwwq, true
giig, true
xvvx, true
appa, true
zbbz, true
quuq, true
etfh, true
lalu, true
boob, true
zwwz, true
ecce, true
trji, true
oeeo, true
paap, true
phzy, true
vhhv, true
pwwp, true
uaau, true
ueeu, true
iyyi, true
ubqt, true
znnz, true
qwvu, true
geeg, true
wyyw, true
bmmb, true
jmvv, true
uddu, true
qcwe, true
edde, true
suus, true
tbbt, true
xxxx, true
wnnw, true
dggd, true
rxxr, true
ouuo, true
jkkj, true
ekke, true
uqqu, true
lkkl, true
leel, true
jnnj, true
kcck, true
lwwl, true
fzzf, true
cllc, true
nddn, true
pnnp, true
ikki, true
zjjz, true
poop, true
cmmc, true
hbwu, true
feef, true
kllk, true
sees, true
yzzy, true
rkkr, true
iuym, true
mrrm, true
ylly, true
kllk, true
lbbl, true
sdwk, true
dxxd, true
sees, true
kcck, true
kllk, true
tuut, true
neen, true
rlrx, true
xrrx, true
swws, true
rwwr, true
zaaz, true
xggx, true
yooy, true
ihhi, true
iuui, true
miim, true
hffh, true
tjhj, true
iybi, true
mxxm, true
mmmm, true
fjjf, true
axxa, true
oddo, true
lddl, true
xppx, true
hrrh, true
lmml, true
mtag, true
zffz, true
stts, true
fddf, true
syhh, true
zzzz, true
fhhf, true
zddz, true
hrrh, true
dxxd, true
zmmz, true
hffh, true
jzzj, true
boob, true
khhk, true
guug, true
zhfp, true
fllf, true
tiit, true
occo, true
pjjp, true
yeey, true
tsst, true
sxxs, true
wyyw, true
sbbs, true
kddk, true
znnz, true
issi, true
fggf, true
heeh, true
cnnc, true
lool, true
dssd, true
vuuv, true
feef, true
affa, true
xrrx, true
rccr, true
fggf, true
ryyr, true
foof, true
vxxv, true
knnk, true
rhhr, true
baab, true
ctks, true
cuuc, true
xiix, true
sbbs, true
dnnd, true
zssz, true
qllq, true
ahha, true
duud, true
iiii, true
ihhi, true
aqqa, true
ikki, true
drrd, true
iggi, true
iaai, true
nbbn, true
fppf, true
wjjw, true
wklv, true
lhhl, true
reer, true
gllg, true
iuui, true
wxxw, true
qwwq, true
oxxo, true
tzzt, true
lppl, true
dlld, true
bbbb, true
yyre, true
pddp, true
qaaq, true
yyyy, true
emme, true
vbkm, true
qyyq, true
fjjf, true
oozu, true
qppq, true
ubbu, true
tppt, true
slls, true
qhhq, true
mqqm, true
ezze, true
akka, true
ujju, true
wxxw, true
mttm, true
ezze, true
occo, true
naan, true
ullu, true
assa, true
jzzj, true
puup, true
niin, true
auua, true
uytc, true
rwwr, true
fssf, true
ejje, true
hhkm, true
jkjv, true
yaay, true
mzzm, true
fggf, true
qccq, true
owpq, true
occo, true
qaaq, true
spps, true
hwwh, true
jeej, true
daad, true
mkkm, true
ehhe, true
skks, true
lhhl, true
uqqu, true
hnnh, true
njjn, true
toot, true
mrrm, true
cjjc, true
jiij, true
wffw, true
dhhd, true
ojjo, true
weew, true
qppq, true
spps, true
mnmd, true
ecce, true
zaaz, true
ecce, true
nrrn, true
zssz, true
cddc, true
deed, true
vggv, true
kggk, true
fkkf, true
ywwy, true
xbbx, true
bhhb, true
rjjr, true
nzcc, true
jeej, true
nppn, true
yrry, true
lnnl, true
rxxr, true
bttb, true
cevs, true
ojjo, true
xnnx, true
zzzz, true
dvvd, true
xbal, true
kaak, true
jppj, true
gwwg, true
nlln, true
gjjg, true
lzzl, true
bhhb, true
kllk, true
anna, true
rppr, true
htth, true
avva, true
lhhl, true
bhfm, true
uzzu, true
caac, true
gllg, true
qyyq, true
gssg, true
pkkp, true
egbq, true
foof, true
txxt, true
hmmh, true
taat, true
pqqp, true
caac, true
znnz, true
boob, true
qvvq, true
yzzy, true
xaax, true
avva, true
wqyk, true
uttu, true
haah, true
ynny, true
hwae, true
xrrx, true
vaav, true
xddx, true
wssw, true
sdds, true
ihhi, true
cnnc, true
zwwz, true
mqqm, true
jccj, true
ejje, true
mddm, true
hpph, true
imkd, true
uudb, true
hkkh, true
lccl, true
fyyf, true
fmmf, true
xbbx, true
lufs, true
wxuw, true
qyyq, true
esse, true
fjjf, true
tmmt, true
tbbt, true
wjrf, true
uuuu, true
wrrw, true
pvvp, true
eooe, true
shhs, true
lbbl, true
beeb, true
xuux, true
erbg, true
zzzz, true
mttm, true
wnnw, true
viiv, true
egge, true
njdf, true
gqqg, true
vyyv, true
eyye, true
ybby, true
cbon, true
taat, true
pssp, true
yppy, true
fllf, true
irri, true
oooo, true
cddc, true
mffm, true
cnnc, true
sqqs, true
vxvj, true
buub, true
ebbe, true
neen, true
vttv, true
twwt, true
nffn, true
ojjo, true
ippi, true
jssj, true
qnnq, true
dood, true
jddj, true
pyyp, true
qiiq, true
jkkj, true
faaf, true
gmmg, true
lzzl, true
nhhn, true
htth, true
gbbg, true
tttt, true
nzzn, true
jggj, true
eyye, true
shhs, true
znnz, true
