pppp, true
gwps, true
qrlq, true
ocjz, true
ifyj, true
jkun, true
diqm, true
vrtn, true
fukd, true
bcmr, true
ehcc, true
eore, true
ejop, true
mzqf, true
rciv, true
ctsd, true
ybiu, true
msbm, true
esfl, true
ecsf, true
gnqs, true
ciqc, true
zuge, true
mixt, true
fhrf, true
atuc, true
evve, true
vuhw, true
vacv, true
ight, true
notl, true
mhhm, true
duzi, true
wdwn, true
ohhz, true
ktru, true
rdxe, true
cvvc, true
igcg, true
riie, true
orwj, true
xczp, true
gndf, true
lbyd, true
wakk, true
fxbk, true
tawp, true
febh, true
ydwm, true
hlxm, true
kafa, true
atfx, true
ndqp, true
civt, true
lzlt, true
kcki, true
oxvd, true
hoph, true
bscl, true
uvyb, true
prth, true
gbpb, true
gzqd, true
xott, true
pnss, true
ronr, true
cnrq, true
fhga, true
kcfm, true
admz, true
jhtp, true
tjfx, true
xbxf, true
iybm, true
jqxp, true
hylr, true
poqn, true
avfu, true
eabh, true
sylm, true
qeqs, true
mlcu, true
ckkc, true
alpf, true
rtcu, true
dhhd, true
ifgo, true
koba, true
ofir, true
kmph, true
vqtc, true
erqd, true
tjau, true
yabn, true
ymqg, true
leib, true
afks, true
csao, true
skks, true
jonk, true
ftut, true
dwrw, true
myay, true
tfjz, true
xtyj, true
morc, true
msrb, true
fmtq, true
gfrj, true
xtfs, true
dttd, true
ghzt, true
fyzl, true
simw, true
fiif, true
cxvv, true
zlwt, true
kgzm, true
nmvn, true
bqqb, true
qvpk, true
jhce, true
clhd, true
kjnp, true
aeou, true
uhul, true
nnnn, true
wqqf, true
ozgi, true
lxfc, true
ledv, true
momd, true
tuam, true
bppb, true
suus, true
ubbp, true
japh, true
qafu, true
vpzg, true
skoe, true
gsxi, true
cpeo, true
hxmu, true
wppw, true
zstb, true
eyqs, true
qscq, true
amux, true
wgmk, true
igqa, true
qenm, true
ezqp, true
ytyh, true
esse, true
nmcw, true
awrf, true
jvej, true
scow, true
thrh, true
ymhc, true
gpda, true
mwct, true
irwk, true
klrn, true
vnbg, true
pjjp, true
ymmy, true
lbhe, true
zeez, true
dxlx, true
pxue, true
wekz, true
ywbg, true
lhhl, true
wgdj, true
iimr, true
bgtm, true
zpjp, true
pxgn, true
fdty, true
vcbe, true
fijn, true
clex, true
wqfk, true
kfov, true
pqqp, true
dwkk, true
ufob, true
fber, true
rhzn, true
mbbm, true
qpfg, true
zije, true
fadh, true
kkkk, true
dkez, true
xttx, true
reoz, true
sdci, true
wksu, true
xxwu, true
rodp, true
ltks, true
fxmq, true
edsc, true
adrc, true
kkdi, true
upwg, true
eokh, true
kknr, true
ssee, true
fshu, true
uexj, true
xrwu, true
eooe, true
xisn, true
tlpb, true
drsz, true
hjkx, true
xxme, true
mdke, true
jpuz, true
prgl, true
aiyr, true
ggjs, true
kkxp, true
mziz, true
oojq, true
dbth, true
ufoy, true
mvvv, true
fddf, true
cxbq, true
szby, true
nrey, true
sowo, true
tbip, true
rasx, true
jqwr, true
ulff, true
klom, true
uugt, true
ekpi, true
vocw, true
qkoa, true
sccs, true
hlyl, true
ynfl, true
bzrp, true
opuh, true
btyg, true
ixjy, true
oskm, true
iysc, true
rrxb, true
uwjc, true
rkhm, true
tkiv, true
aqlc, true
yhln, true
cxca, true
egii, true
wngj, true
ozqa, true
zvev, true
hwqw, true
inpk, true
hlzb, true
psow, true
nxvc, true
wbwp, true
tzvc, true
mvpa, true
abfk, true
yvmi, true
asqm, true
bezf, true
cxrf, true
mzdv, true
tugv, true
fyfk, true
wtus, true
klbd, true
zrsy, true
eqwl, true
anih, true
ueps, true
jwhm, true
cckq, true
jukq, true
voga, true
faaf, true
asce, true
uaxe, true
lvkl, true
kswg, true
xncl, true
wjod, true
sdds, true
dwqz, true
hruq, true
cuqo, true
nznw, true
wzzw, true
xhpz, true
bsko, true
wsvz, true
xfwq, true
rfab, true
cyyc, true
okxj, true
ammv, true
nfon, true
vnkq, true
jlan, true
rhrq, true
zzme, true
tddt, true
qfyp, true
wbnf, true
msto, true
tfam, true
xpdk, true
iejf, true
fwqu, true
peeb, true
yrou, true
siuj, true
aszm, true
hfnx, true
icno, true
zbjg, true
wzkm, true
rslp, true
jgja, true
mdcz, true
moii, true
nzzn, true
wggw, true
ztno, true
ntrm, true
kxdi, true
myeh, true
bnme, true
zojz, true
kdyz, true
geji, true
biwj, true
tfmf, true
iilt, true
nbqs, true
jnng, true
onoz, true
zbqz, true
ficp, true
psxf, true
pzov, true
yoyg, true
wofi, true
lude, true
bddb, true
wiax, true
ilfn, true
ziru, true
yhra, true
qmol, true
oifk, true
huri, true
mfbg, true
wtso, true
iwtn, true
pivg, true
aisb, true
iwwi, true
vqxv, true
byrg, true
sxmc, true
popd, true
sgmg, true
kacx, true
muum, true
skks, true
whhw, true
yaaa, true
ggsq, true
thgi, true
yetq, true
witu, true
joba, true
jpxd, true
yrzn, true
jida, true
nmmk, true
pxyb, true
eyto, true
jgco, true
jkdr, true
yzld, true
ggfh, true
ptme, true
xfvj, true
irym, true
yxxm, true
jidy, true
ktxi, true
twnw, true
zddz, true
yxxy, true
jnnj, true
nchv, true
cfrr, true
pmii, true
mnky, true
yjge, true
kyte, true
oibb, true
fpkm, true
vbqo, true
yavq, true
fbwl, true
vddf, true
evhn, true
oatt, true
fwup, true
qjke, true
bezw, true
sbbs, true
pllp, true
rgkp, true
zrsc, true
jeej, true
hzkx, true
lrge, true
oljj, true
pbwi, true
sypb, true
deik, true
ftlb, true
cdkn, true
dikw, true
terj, true
txjf, true
mnme, true
capo, true
dkoi, true
ukkd, true
jpbs, true
ykto, true
yzdq, true
goln, true
zmyn, true
phsa, true
frwt, true
yxts, true
ezyq, true
xsvs, true
aocg, true
bjdk, true
pwrn, true
bmmb, true
ulhz, true
xyos, true
ilnx, true
ovph, true
atmz, true
yfxm, true
qaoz, true
advb, true
dacw, true
gggg, true
hqgz, true
zrkw, true
mamp, true
gijo, true
kgji, true
mmxq, true
cybi, true
cpuy, true
orcs, true
nsgv, true
onkc, true
pjvt, true
gzsf, true
szzs, true
pdyt, true
ajlk, true
qnpv, true
baba, true
ewgx, true
stuf, true
oyso, true
xgce, true
bvfy, true
maly, true
lati, true
sbls, true
sezg, true
ynck, true
qmpu, true
mphe, true
jrea, true
clzn, true
hzzh, true
snwd, true
bffb, true
cbbw, true
wdxt, true
iwls, true
yqca, true
ktdg, true
zfyc, true
zwwz, true
pymo, true
dlkj, true
yfrl, true
mumm, true
rzys, true
aucu, true
diae, true
nvcs, true
blco, true
bdvn, true
ijtu, true
uggf, true
hchy, true
poeh, true
pxxp, true
tbmq, true
dpgn, true
dxdi, true
pkeg, true
ztto, true
kvfx, true
htth, true
bjde, true
nfak, true
mzgs, true
fvvk, true
aqzs, true
efde, true
nefy, true
ohho, true
enhf, true
hjgb, true
msay, true
kddk, true
gzed, true
pllp, true
rwqh, true
affa, true
wrme, true
rggr, true
iimh, true
llni, true
rmjk, true
cubz, true
jins, true
ixta, true
slmz, true
ddlj, true
zguh, true
szew, true
xxxx, true
oeff, true
shhs, true
iyzm, true
nekt, true
uitv, true
eizn, true
rals, true
hljx, true
diwy, true
mgpx, true
bcdf, true
gdph, true
rtcl, true
cdyl, true
tzms, true
eyyq, true
rqve, true
npwi, true
cbnw, true
rsxi, true
fypj, true
mara, true
gdla, true
fqzf, true
vnnv, true
wsno, true
whaq, true
sssj, true
wwij, true
akrc, true
caqc, true
rumz, true
asxc, true
rbbr, true
hokr, true
cjjc, true
yyrg, true
hmia, true
prrp, true
hwwh, true
xznz, true
vzwa, true
dbdi, true
lsnp, true
wgcm, true
gbsj, true
faqc, true
hnnh, true
xocv, true
gyfj, true
brow, true
atdd, true
qnzu, true
laio, true
wsmt, true
tazg, true
uqqu, true
abwn, true
tqqt, true
uxdx, true
xfij, true
pict, true
dosj, true
qfxl, true
wjte, true
eowo, true
fbvn, true
zrew, true
momo, true
gfgs, true
issi, true
ksmr, true
mdgq, true
bkbd, true
nxve, true
ynwt, true
zwgd, true
vldc, true
rdvv, true
gddg, true
iuqe, true
ntqo, true
yhxp, true
knvp, true
iyha, true
dcsv, true
fbyy, true
ekiu, true
kvft, true
ubba, true
cdib, true
jttj, true
qxil, true
djtr, true
pxxp, true
cnnc, true
jaaj, true
ykve, true
pbgd, true
jeng, true
zgpv, true
ybvk, true
hcyw, true
husv, true
fbqo, true
olmr, true
mwgf, true
dnql, true
kesa, true
mysi, true
npqh, true
awzd, true
emce, true
vyro, true
nsfq, true
kbug, true
htwj, true
ymeg, true
rccs, true
slqd, true
jgoq, true
msvq, true
wmro, true
zqen, true
fbbf, true
mwzb, true
uuvr, true
wtbi, true
abwz, true
wzsw, true
btor, true
ykah, true
yvnm, true
ptly, true
vrat, true
rcgw, true
ockm, true
zyyz, true
jchc, true
ewdy, true
csqt, true
jzkt, true
dzcw, true
xiwq, true
dtho, true
qxaf, true
kvpr, true
ient, true
ddit, true
dovi, true
awyc, true
mgvh, true
buop, true
zrfr, true
krbd, true
beeb, true
jrrj, true
vqcb, true
bmfl, true
hxdl, true
batc, true
gtvq, true
rulu, true
bvyb, true
yxbg, true
wcoi, true
fqix, true
fcfh, true
oohs, true
gbbg, true
pfiy, true
dqkl, true
hssh, true
xpvy, true
qunn, true
bacd, true
wgon, true
mblc, true
nszo, true
nzkc, true
cnxv, true
kchp, true
kysz, true
qjyw, true
weiv, true
auaa, true
mmdx, true
bqqb, true
jgug, true
tvqf, true
zpeu, true
vgat, true
yuue, true
nmmn, true
agiz, true
ojfu, true
raix, true
wvyg, true
lzdu, true
lpcd, true
aemk, true
iyhy, true
zzaz, true
aeuf, true
oldf, true
haxf, true
fqgd, true
pwnc, true
cyoe, true
ggyn, true
gljo, true
nhhy, true
nlcb, true
lbbb, true
jkxt, true
ibio, true
fmmf, true
hcig, true
tddt, true
zamz, true
kgui, true
crml, true
yfda, true
cmjf, true
wqfi, true
twwt, true
avnp, true
rjfu, true
kwsd, true
hxxh, true
wzch, true
edmv, true
ampd, true
jggj, true
bihc, true
hvak, true
rudy, true
eyga, true
tppt, true
gcrq, true
djjd, true
syok, true
ahle, true
apqc, true
ymxm, true
rvne, true
gvso, true
nlpd, true
cftx, true
qjom, true
fqrz, true
hbbh, true
quzt, true
dwou, true
llzi, true
bxhj, true
vhms, true
immi, true
vhmy, true
mxtr, true
asmw, true
zzaq, true
bdup, true
qwlf, true
csey, true
avxk, true
isaq, true
pcdq, true
oivo, true
hqqh, true
thmb, true
hjkf, true
nrfj, true
pcie, true
ovsu, true
cpzs, true
tlwr, true
vaas, true
unld, true
ltcd, true
rhle, true
bpjz, true
gpsg, true
mfol, true
qnyi, true
vyzn, true
llgy, true
ivqp, true
ykxp, true
adet, true
wmll, true
xqlq, true
tbwf, true
silq, true
beeb, true
dxzb, true
odtm, true
wyhf, true
qpkf, true
nnnn, true
sksl, true
hban, true
ydpx, true
avva, true
yppy, true
sdaf, true
sbbs, true
cacw, true
zrzu, true
yzcp, true
uqlf, true
rexn, true
sgfa, true
kkrt, true
mzhw, true
gdis, true
vvwa, true
palu, true
akgz, true
jbfl, true
xosy, true
diid, true
cxpe, true
gwmd, true
jyvy, true
woqv, true
sjpf, true
cahg, true
pply, true
ybuj, true
efoa, true
muqt, true
prrp, true
codh, true
cwcs, true
kllk, true
cccc, true
jlud, true
xagb, true
edcu, true
hoee, true
qjit, true
zqmq, true
ecch, true
qlud, true
pttp, true
uqqu, true
kmxl, true
qeee, true
cttc, true
zkmv, true
cezp, true
zoby, true
yxkv, true
ggnd, true
vyfb, true
kjjk, true
roey, true
uvbw, true
rndn, true
dvxv, true
zpaa, true
uzgd, true
vcgs, true
hyck, true
xzzx, true
jzzn, true
aqhb, true
maam, true
dffd, true
nqfc, true
rhjq, true
nrja, true
mwov, true
xequ, true
nwhp, true
zveg, true
ggzm, true
migw, true
dnxp, true
gwho, true
xonh, true
baip, true
lxry, true
rhtm, true
krlo, true
cvvc, true
epkc, true
nhxu, true
hzvb, true
gtvm, true
skpb, true
iibr, true
yprb, true
ebnl, true
ymmy, true
ttmu, true
gyuj, true
nyjg, true
hyyh, true
ydku, true
pame, true
oetr, true
rukx, true
smei, true
lnnl, true
qaks, true
jtyd, true
slgu, true
oirs, true
qjaf, true
kwly, true
vxvl, true
bgdr, true
vsja, true
nsit, true
pjlj, true
ustb, true
yjih, true
oans, true
ztwn, true
bxuq, true
cshx, true
ufsn, true
lxjr, true
rysm, true
hqtt, true
hvxy, true
wtsz, true
udhs, true
lbbl, true
giiz, true
yawp, true
szza, true
eekp, true
eqxb, true
qcfs, true
